{
    "accuracy": [
        0.6607301831245422,
        0.7675868272781372,
        0.7916295528411865,
        0.8112199306488037,
        0.8299198746681213,
        0.8183436989784241,
        0.8254675269126892,
        0.8281388878822327,
        0.8317008018493652,
        0.8361531496047974,
        0.8423864841461182,
        0.8370436429977417,
        0.845948338508606,
        0.8370436429977417,
        0.8343722224235535
    ],
    "auc": [
        0.7130357027053833,
        0.8480614423751831,
        0.8647710084915161,
        0.8876566886901855,
        0.9030092358589172,
        0.8933281898498535,
        0.8918611407279968,
        0.9030425548553467,
        0.8990578651428223,
        0.9101259708404541,
        0.9031757116317749,
        0.9127601981163025,
        0.9186815023422241,
        0.9064877033233643,
        0.9101293683052063
    ],
    "loss": [
        0.6252666711807251,
        0.48506638407707214,
        0.45814797282218933,
        0.4200001358985901,
        0.39545124769210815,
        0.4113408625125885,
        0.4091278910636902,
        0.39403411746025085,
        0.3969841003417969,
        0.37954139709472656,
        0.3873586058616638,
        0.37293708324432373,
        0.36437681317329407,
        0.38036254048347473,
        0.3748335838317871
    ],
    "precision": [
        0.555343508720398,
        0.6711538434028625,
        0.6959847211837769,
        0.719535768032074,
        0.75,
        0.7308447957038879,
        0.7288135886192322,
        0.7392995953559875,
        0.7460629940032959,
        0.7504911422729492,
        0.7538759708404541,
        0.748062014579773,
        0.7618110179901123,
        0.75,
        0.7456310391426086
    ],
    "recall": [
        0.6628701686859131,
        0.7949886322021484,
        0.8291571736335754,
        0.8473803997039795,
        0.8473803997039795,
        0.8473803997039795,
        0.8815490007400513,
        0.8656036257743835,
        0.8633257150650024,
        0.8701594471931458,
        0.8861047625541687,
        0.8792710900306702,
        0.8815490007400513,
        0.874715268611908,
        0.874715268611908
    ],
    "val_accuracy": [
        0.628808856010437,
        0.6481994390487671,
        0.6675900220870972,
        0.6675900220870972,
        0.678670346736908,
        0.6759002804756165,
        0.6842105388641357,
        0.6842105388641357,
        0.6869806051254272,
        0.6869806051254272,
        0.6952908635139465,
        0.692520797252655,
        0.698060929775238,
        0.698060929775238,
        0.698060929775238
    ],
    "val_auc": [
        0.7511627674102783,
        0.771041750907898,
        0.7847244739532471,
        0.7871933579444885,
        0.7871456146240234,
        0.7912074327468872,
        0.7950780391693115,
        0.797435462474823,
        0.7975947856903076,
        0.800700843334198,
        0.8009397983551025,
        0.8022300004959106,
        0.806562602519989,
        0.8062280416488647,
        0.8087607622146606
    ],
    "val_loss": [
        0.6394712328910828,
        0.643984317779541,
        0.6456524729728699,
        0.6430849432945251,
        0.6391912698745728,
        0.6503898501396179,
        0.6318085789680481,
        0.6327454447746277,
        0.6260428428649902,
        0.6236153244972229,
        0.6280478835105896,
        0.6223704814910889,
        0.6192513704299927,
        0.6260651350021362,
        0.6164937019348145
    ],
    "val_precision": [
        0.5291262269020081,
        0.5477386713027954,
        0.563725471496582,
        0.5631067752838135,
        0.5735294222831726,
        0.5687204003334045,
        0.5776699185371399,
        0.5776699185371399,
        0.5797101259231567,
        0.5797101259231567,
        0.5857142806053162,
        0.5837320685386658,
        0.5876777172088623,
        0.5860465168952942,
        0.5876777172088623
    ],
    "val_recall": [
        0.7465753555297852,
        0.7465753555297852,
        0.7876712083816528,
        0.7945205569267273,
        0.801369845867157,
        0.8219178318977356,
        0.8150684833526611,
        0.8150684833526611,
        0.8219178318977356,
        0.8219178318977356,
        0.8424657583236694,
        0.835616409778595,
        0.8493150472640991,
        0.8630136847496033,
        0.8493150472640991
    ],
    "learning_rate": [
        0.0010000000474974513,
        0.0010000000474974513,
        0.0010000000474974513,
        0.00020000000949949026,
        0.00020000000949949026,
        0.00020000000949949026,
        0.00020000000949949026,
        0.00020000000949949026,
        0.00020000000949949026,
        0.00020000000949949026,
        0.00020000000949949026,
        0.00020000000949949026,
        0.00020000000949949026,
        0.00020000000949949026,
        0.00020000000949949026
    ]
}