{
    "accuracy": [
        0.7426536083221436,
        0.854853093624115,
        0.87800532579422,
        0.8940338492393494,
        0.8940338492393494,
        0.9091718792915344,
        0.9118432998657227,
        0.9056099653244019,
        0.9180765748023987,
        0.9225289225578308,
        0.9260908365249634,
        0.9385574460029602,
        0.9225289225578308,
        0.9243099093437195,
        0.9341050982475281
    ],
    "auc": [
        0.8349618911743164,
        0.9286157488822937,
        0.9539456963539124,
        0.9666091203689575,
        0.9634736180305481,
        0.9703822135925293,
        0.9677729606628418,
        0.9666473865509033,
        0.9783832430839539,
        0.978601336479187,
        0.9821313619613647,
        0.9850937128067017,
        0.9790343046188354,
        0.9842328429222107,
        0.984509289264679
    ],
    "loss": [
        0.5116456747055054,
        0.3363246023654938,
        0.27616459131240845,
        0.23963163793087006,
        0.2431633025407791,
        0.21953457593917847,
        0.22576043009757996,
        0.22905510663986206,
        0.1911599487066269,
        0.18602965772151947,
        0.17839257419109344,
        0.16256064176559448,
        0.1811639815568924,
        0.17056791484355927,
        0.1641063094139099
    ],
    "precision": [
        0.6404494643211365,
        0.76953125,
        0.8007968068122864,
        0.8265306353569031,
        0.8278688788414001,
        0.854736864566803,
        0.8497942090034485,
        0.8475991487503052,
        0.8637316823005676,
        0.865145206451416,
        0.8708333373069763,
        0.8886554837226868,
        0.8666666746139526,
        0.8702929019927979,
        0.8825995922088623
    ],
    "recall": [
        0.7790432572364807,
        0.8974943161010742,
        0.9157175421714783,
        0.9225512742996216,
        0.9202733635902405,
        0.9248291850090027,
        0.9407745003700256,
        0.9248291850090027,
        0.9384965896606445,
        0.9498860836029053,
        0.9521639943122864,
        0.9635535478591919,
        0.9476081728935242,
        0.9476081728935242,
        0.9589977264404297
    ],
    "val_accuracy": [
        0.7174515128135681,
        0.8144044280052185,
        0.8337950110435486,
        0.8531855940818787,
        0.8725761771202087,
        0.8421052694320679,
        0.9085872769355774,
        0.8642659187316895,
        0.8698061108589172,
        0.8781163692474365,
        0.8725761771202087,
        0.8781163692474365,
        0.8781163692474365,
        0.880886435508728,
        0.8836565017700195
    ],
    "val_auc": [
        0.8911118507385254,
        0.9330359697341919,
        0.9499044418334961,
        0.9563395977020264,
        0.9605766534805298,
        0.9704045653343201,
        0.9686365127563477,
        0.9760593175888062,
        0.9745142459869385,
        0.9766963720321655,
        0.975565493106842,
        0.9759477972984314,
        0.9772379398345947,
        0.9771742820739746,
        0.9774609804153442
    ],
    "val_loss": [
        0.47174981236457825,
        0.3593969941139221,
        0.33572807908058167,
        0.32037508487701416,
        0.2871202528476715,
        0.31731274724006653,
        0.27072107791900635,
        0.273427277803421,
        0.28032490611076355,
        0.2542302906513214,
        0.25365525484085083,
        0.26010507345199585,
        0.2589779496192932,
        0.2469239979982376,
        0.24832594394683838
    ],
    "val_precision": [
        0.5973451137542725,
        0.7257142663002014,
        0.7362637519836426,
        0.7513513565063477,
        0.8246753215789795,
        0.7258883118629456,
        0.8791946172714233,
        0.759358286857605,
        0.761904776096344,
        0.774193525314331,
        0.7747252583503723,
        0.7771739363670349,
        0.7771739363670349,
        0.7845304012298584,
        0.7857142686843872
    ],
    "val_recall": [
        0.9246575236320496,
        0.8698630332946777,
        0.9178082346916199,
        0.9520547986030579,
        0.8698630332946777,
        0.9794520735740662,
        0.8972602486610413,
        0.9726027250289917,
        0.9863013625144958,
        0.9863013625144958,
        0.965753436088562,
        0.9794520735740662,
        0.9794520735740662,
        0.9726027250289917,
        0.9794520735740662
    ],
    "learning_rate": [
        0.0010000000474974513,
        0.0010000000474974513,
        0.0010000000474974513,
        0.0010000000474974513,
        0.0010000000474974513,
        0.0010000000474974513,
        0.0010000000474974513,
        0.0010000000474974513,
        0.0010000000474974513,
        0.00020000000949949026,
        0.00020000000949949026,
        0.00020000000949949026,
        0.00020000000949949026,
        4.0000002627493814e-05,
        4.0000002627493814e-05
    ],
    "training_time_seconds": 753.2183775901794
}